Variable,Shapiro_p,DAgostino_p,Forme
imcmere,3.498848850210328e-41,1.1907349712013528e-188,Non Normale (Asymétrique)
ageenfant,4.1993070781692283e-36,0.0,Non Normale (Asymétrique)
scoreztaillepourage,7.639133741655262e-13,1.2202847948616928e-13,Non Normale (Asymétrique)
scorezpoidspourtaille,3.259451585747247e-11,1.522051872446438e-15,Non Normale (Asymétrique)
scorezpoidspourage,3.3141892051680387e-12,8.375833835829057e-19,Non Normale (Asymétrique)
agemere,4.6511796826159366e-24,1.7746294741916968e-35,Non Normale (Asymétrique)
